[{"__symbolic":"module","version":3,"metadata":{"CookieService":{"__symbolic":"class","decorators":[{"__symbolic":"call","expression":{"__symbolic":"reference","module":"@angular/core","name":"Injectable"}}],"members":{"__ctor__":[{"__symbolic":"constructor","parameterDecorators":[[{"__symbolic":"call","expression":{"__symbolic":"reference","module":"@angular/core","name":"Inject"},"arguments":[{"__symbolic":"reference","module":"@angular/common","name":"DOCUMENT"}]}],[{"__symbolic":"call","expression":{"__symbolic":"reference","module":"@angular/core","name":"Inject"},"arguments":[{"__symbolic":"reference","module":"@angular/core","name":"PLATFORM_ID"}]}]],"parameters":[{"__symbolic":"reference","name":"any"},{"__symbolic":"reference","module":"@angular/core","name":"InjectionToken","arguments":[{"__symbolic":"reference","name":"Object"}]}]}],"check":[{"__symbolic":"method"}],"get":[{"__symbolic":"method"}],"getAll":[{"__symbolic":"method"}],"set":[{"__symbolic":"method"}],"delete":[{"__symbolic":"method"}],"deleteAll":[{"__symbolic":"method"}],"getCookieRegExp":[{"__symbolic":"method"}]}}}},{"__symbolic":"module","version":1,"metadata":{"CookieService":{"__symbolic":"class","decorators":[{"__symbolic":"call","expression":{"__symbolic":"reference","module":"@angular/core","name":"Injectable"}}],"members":{"__ctor__":[{"__symbolic":"constructor","parameterDecorators":[[{"__symbolic":"call","expression":{"__symbolic":"reference","module":"@angular/core","name":"Inject"},"arguments":[{"__symbolic":"reference","module":"@angular/common","name":"DOCUMENT"}]}],[{"__symbolic":"call","expression":{"__symbolic":"reference","module":"@angular/core","name":"Inject"},"arguments":[{"__symbolic":"reference","module":"@angular/core","name":"PLATFORM_ID"}]}]],"parameters":[{"__symbolic":"reference","name":"any"},{"__symbolic":"reference","module":"@angular/core","name":"InjectionToken","arguments":[{"__symbolic":"reference","name":"Object"}]}]}],"check":[{"__symbolic":"method"}],"get":[{"__symbolic":"method"}],"getAll":[{"__symbolic":"method"}],"set":[{"__symbolic":"method"}],"delete":[{"__symbolic":"method"}],"deleteAll":[{"__symbolic":"method"}],"getCookieRegExp":[{"__symbolic":"method"}]}}}}]