{"summaries":[{"symbol":{"__symbol":0,"members":[]},"metadata":{"__symbolic":"class","members":{"__ctor__":[{"__symbolic":"constructor","parameterDecorators":[[{"__symbolic":"call","expression":{"__symbol":1,"members":[]},"arguments":[{"__symbol":2,"members":[]}]}],[{"__symbolic":"call","expression":{"__symbol":1,"members":[]},"arguments":[{"__symbol":3,"members":[]}]}]],"parameters":[null,{"__symbol":4,"members":[]}]}],"check":[{"__symbolic":"method"}],"get":[{"__symbolic":"method"}],"getAll":[{"__symbolic":"method"}],"set":[{"__symbolic":"method"}],"delete":[{"__symbolic":"method"}],"deleteAll":[{"__symbolic":"method"}],"getCookieRegExp":[{"__symbolic":"method"}]}},"type":{"summaryKind":3,"type":{"reference":{"__symbol":0,"members":[]},"diDeps":[{"isAttribute":false,"isHost":false,"isSelf":false,"isSkipSelf":false,"isOptional":false,"token":{"identifier":{"reference":{"__symbol":2,"members":[]}}}},{"isAttribute":false,"isHost":false,"isSelf":false,"isSkipSelf":false,"isOptional":false,"token":{"identifier":{"reference":{"__symbol":3,"members":[]}}}}],"lifecycleHooks":[]}}}],"symbols":[{"__symbol":0,"name":"CookieService","filePath":"/Users/stefan/Repositories/github/ngx-cookie-service/lib/cookie-service/cookie.service.d.ts"},{"__symbol":1,"name":"Inject","filePath":"/Users/stefan/Repositories/github/ngx-cookie-service/node_modules/@angular/core/core.d.ts"},{"__symbol":2,"name":"DOCUMENT","filePath":"/Users/stefan/Repositories/github/ngx-cookie-service/node_modules/@angular/common/common.d.ts"},{"__symbol":3,"name":"PLATFORM_ID","filePath":"/Users/stefan/Repositories/github/ngx-cookie-service/node_modules/@angular/core/core.d.ts"},{"__symbol":4,"name":"InjectionToken","filePath":"/Users/stefan/Repositories/github/ngx-cookie-service/node_modules/@angular/core/core.d.ts"}]}