[{"__symbolic":"module","version":3,"metadata":{"FileUploader":{"__symbolic":"class","members":{"__ctor__":[{"__symbolic":"constructor","parameters":[{"__symbolic":"error","message":"Could not resolve type","line":66,"character":30,"context":{"typeName":"FileUploaderOptions"}}]}],"setOptions":[{"__symbolic":"method"}],"addToQueue":[{"__symbolic":"method"}],"removeFromQueue":[{"__symbolic":"method"}],"clearQueue":[{"__symbolic":"method"}],"uploadItem":[{"__symbolic":"method"}],"cancelItem":[{"__symbolic":"method"}],"uploadAll":[{"__symbolic":"method"}],"cancelAll":[{"__symbolic":"method"}],"isFile":[{"__symbolic":"method"}],"isFileLikeObject":[{"__symbolic":"method"}],"getIndexOfItem":[{"__symbolic":"method"}],"getNotUploadedItems":[{"__symbolic":"method"}],"getReadyItems":[{"__symbolic":"method"}],"destroy":[{"__symbolic":"method"}],"onAfterAddingAll":[{"__symbolic":"method"}],"onBuildItemForm":[{"__symbolic":"method"}],"onAfterAddingFile":[{"__symbolic":"method"}],"onWhenAddingFileFailed":[{"__symbolic":"method"}],"onBeforeUploadItem":[{"__symbolic":"method"}],"onProgressItem":[{"__symbolic":"method"}],"onProgressAll":[{"__symbolic":"method"}],"onSuccessItem":[{"__symbolic":"method"}],"onErrorItem":[{"__symbolic":"method"}],"onCancelItem":[{"__symbolic":"method"}],"onCompleteItem":[{"__symbolic":"method"}],"onCompleteAll":[{"__symbolic":"method"}],"_mimeTypeFilter":[{"__symbolic":"method"}],"_fileSizeFilter":[{"__symbolic":"method"}],"_fileTypeFilter":[{"__symbolic":"method"}],"_onErrorItem":[{"__symbolic":"method"}],"_onCompleteItem":[{"__symbolic":"method"}],"_headersGetter":[{"__symbolic":"method"}],"_xhrTransport":[{"__symbolic":"method"}],"_getTotalProgress":[{"__symbolic":"method"}],"_getFilters":[{"__symbolic":"method"}],"_render":[{"__symbolic":"method"}],"_queueLimitFilter":[{"__symbolic":"method"}],"_isValidFile":[{"__symbolic":"method"}],"_isSuccessCode":[{"__symbolic":"method"}],"_transformResponse":[{"__symbolic":"method"}],"_parseHeaders":[{"__symbolic":"method"}],"_onWhenAddingFileFailed":[{"__symbolic":"method"}],"_onAfterAddingFile":[{"__symbolic":"method"}],"_onAfterAddingAll":[{"__symbolic":"method"}],"_onBeforeUploadItem":[{"__symbolic":"method"}],"_onBuildItemForm":[{"__symbolic":"method"}],"_onProgressItem":[{"__symbolic":"method"}],"_onSuccessItem":[{"__symbolic":"method"}],"_onCancelItem":[{"__symbolic":"method"}]}}}},{"__symbolic":"module","version":1,"metadata":{"FileUploader":{"__symbolic":"class","members":{"__ctor__":[{"__symbolic":"constructor","parameters":[{"__symbolic":"error","message":"Could not resolve type","line":66,"character":30,"context":{"typeName":"FileUploaderOptions"}}]}],"setOptions":[{"__symbolic":"method"}],"addToQueue":[{"__symbolic":"method"}],"removeFromQueue":[{"__symbolic":"method"}],"clearQueue":[{"__symbolic":"method"}],"uploadItem":[{"__symbolic":"method"}],"cancelItem":[{"__symbolic":"method"}],"uploadAll":[{"__symbolic":"method"}],"cancelAll":[{"__symbolic":"method"}],"isFile":[{"__symbolic":"method"}],"isFileLikeObject":[{"__symbolic":"method"}],"getIndexOfItem":[{"__symbolic":"method"}],"getNotUploadedItems":[{"__symbolic":"method"}],"getReadyItems":[{"__symbolic":"method"}],"destroy":[{"__symbolic":"method"}],"onAfterAddingAll":[{"__symbolic":"method"}],"onBuildItemForm":[{"__symbolic":"method"}],"onAfterAddingFile":[{"__symbolic":"method"}],"onWhenAddingFileFailed":[{"__symbolic":"method"}],"onBeforeUploadItem":[{"__symbolic":"method"}],"onProgressItem":[{"__symbolic":"method"}],"onProgressAll":[{"__symbolic":"method"}],"onSuccessItem":[{"__symbolic":"method"}],"onErrorItem":[{"__symbolic":"method"}],"onCancelItem":[{"__symbolic":"method"}],"onCompleteItem":[{"__symbolic":"method"}],"onCompleteAll":[{"__symbolic":"method"}],"_mimeTypeFilter":[{"__symbolic":"method"}],"_fileSizeFilter":[{"__symbolic":"method"}],"_fileTypeFilter":[{"__symbolic":"method"}],"_onErrorItem":[{"__symbolic":"method"}],"_onCompleteItem":[{"__symbolic":"method"}],"_headersGetter":[{"__symbolic":"method"}],"_xhrTransport":[{"__symbolic":"method"}],"_getTotalProgress":[{"__symbolic":"method"}],"_getFilters":[{"__symbolic":"method"}],"_render":[{"__symbolic":"method"}],"_queueLimitFilter":[{"__symbolic":"method"}],"_isValidFile":[{"__symbolic":"method"}],"_isSuccessCode":[{"__symbolic":"method"}],"_transformResponse":[{"__symbolic":"method"}],"_parseHeaders":[{"__symbolic":"method"}],"_onWhenAddingFileFailed":[{"__symbolic":"method"}],"_onAfterAddingFile":[{"__symbolic":"method"}],"_onAfterAddingAll":[{"__symbolic":"method"}],"_onBeforeUploadItem":[{"__symbolic":"method"}],"_onBuildItemForm":[{"__symbolic":"method"}],"_onProgressItem":[{"__symbolic":"method"}],"_onSuccessItem":[{"__symbolic":"method"}],"_onCancelItem":[{"__symbolic":"method"}]}}}}]