[{"__symbolic":"module","version":3,"metadata":{"FileItem":{"__symbolic":"class","members":{"__ctor__":[{"__symbolic":"constructor","parameters":[{"__symbolic":"reference","module":"./file-uploader.class","name":"FileUploader"},{"__symbolic":"error","message":"Could not resolve type","line":27,"character":51,"context":{"typeName":"File"}},{"__symbolic":"reference","module":"./file-uploader.class","name":"FileUploaderOptions"}]}],"upload":[{"__symbolic":"method"}],"cancel":[{"__symbolic":"method"}],"remove":[{"__symbolic":"method"}],"onBeforeUpload":[{"__symbolic":"method"}],"onBuildForm":[{"__symbolic":"method"}],"onProgress":[{"__symbolic":"method"}],"onSuccess":[{"__symbolic":"method"}],"onError":[{"__symbolic":"method"}],"onCancel":[{"__symbolic":"method"}],"onComplete":[{"__symbolic":"method"}],"_onBeforeUpload":[{"__symbolic":"method"}],"_onBuildForm":[{"__symbolic":"method"}],"_onProgress":[{"__symbolic":"method"}],"_onSuccess":[{"__symbolic":"method"}],"_onError":[{"__symbolic":"method"}],"_onCancel":[{"__symbolic":"method"}],"_onComplete":[{"__symbolic":"method"}],"_prepareToUploading":[{"__symbolic":"method"}]}}}},{"__symbolic":"module","version":1,"metadata":{"FileItem":{"__symbolic":"class","members":{"__ctor__":[{"__symbolic":"constructor","parameters":[{"__symbolic":"reference","module":"./file-uploader.class","name":"FileUploader"},{"__symbolic":"error","message":"Could not resolve type","line":27,"character":51,"context":{"typeName":"File"}},{"__symbolic":"reference","module":"./file-uploader.class","name":"FileUploaderOptions"}]}],"upload":[{"__symbolic":"method"}],"cancel":[{"__symbolic":"method"}],"remove":[{"__symbolic":"method"}],"onBeforeUpload":[{"__symbolic":"method"}],"onBuildForm":[{"__symbolic":"method"}],"onProgress":[{"__symbolic":"method"}],"onSuccess":[{"__symbolic":"method"}],"onError":[{"__symbolic":"method"}],"onCancel":[{"__symbolic":"method"}],"onComplete":[{"__symbolic":"method"}],"_onBeforeUpload":[{"__symbolic":"method"}],"_onBuildForm":[{"__symbolic":"method"}],"_onProgress":[{"__symbolic":"method"}],"_onSuccess":[{"__symbolic":"method"}],"_onError":[{"__symbolic":"method"}],"_onCancel":[{"__symbolic":"method"}],"_onComplete":[{"__symbolic":"method"}],"_prepareToUploading":[{"__symbolic":"method"}]}}}}]