[{"__symbolic":"module","version":3,"metadata":{"FileUploadModule":{"__symbolic":"class","decorators":[{"__symbolic":"call","expression":{"__symbolic":"reference","module":"@angular/core","name":"NgModule"},"arguments":[{"imports":[{"__symbolic":"reference","module":"@angular/common","name":"CommonModule"}],"declarations":[{"__symbolic":"reference","module":"./file-drop.directive","name":"FileDropDirective"},{"__symbolic":"reference","module":"./file-select.directive","name":"FileSelectDirective"}],"exports":[{"__symbolic":"reference","module":"./file-drop.directive","name":"FileDropDirective"},{"__symbolic":"reference","module":"./file-select.directive","name":"FileSelectDirective"}]}]}]}}},{"__symbolic":"module","version":1,"metadata":{"FileUploadModule":{"__symbolic":"class","decorators":[{"__symbolic":"call","expression":{"__symbolic":"reference","module":"@angular/core","name":"NgModule"},"arguments":[{"imports":[{"__symbolic":"reference","module":"@angular/common","name":"CommonModule"}],"declarations":[{"__symbolic":"reference","module":"./file-drop.directive","name":"FileDropDirective"},{"__symbolic":"reference","module":"./file-select.directive","name":"FileSelectDirective"}],"exports":[{"__symbolic":"reference","module":"./file-drop.directive","name":"FileDropDirective"},{"__symbolic":"reference","module":"./file-select.directive","name":"FileSelectDirective"}]}]}]}}}]