[{"__symbolic":"module","version":3,"metadata":{"FileType":{"__symbolic":"class","statics":{"mime_doc":["application/msword","application/msword","application/vnd.openxmlformats-officedocument.wordprocessingml.document","application/vnd.openxmlformats-officedocument.wordprocessingml.template","application/vnd.ms-word.document.macroEnabled.12","application/vnd.ms-word.template.macroEnabled.12"],"mime_xsl":["application/vnd.ms-excel","application/vnd.ms-excel","application/vnd.ms-excel","application/vnd.openxmlformats-officedocument.spreadsheetml.sheet","application/vnd.openxmlformats-officedocument.spreadsheetml.template","application/vnd.ms-excel.sheet.macroEnabled.12","application/vnd.ms-excel.template.macroEnabled.12","application/vnd.ms-excel.addin.macroEnabled.12","application/vnd.ms-excel.sheet.binary.macroEnabled.12"],"mime_ppt":["application/vnd.ms-powerpoint","application/vnd.ms-powerpoint","application/vnd.ms-powerpoint","application/vnd.ms-powerpoint","application/vnd.openxmlformats-officedocument.presentationml.presentation","application/vnd.openxmlformats-officedocument.presentationml.template","application/vnd.openxmlformats-officedocument.presentationml.slideshow","application/vnd.ms-powerpoint.addin.macroEnabled.12","application/vnd.ms-powerpoint.presentation.macroEnabled.12","application/vnd.ms-powerpoint.presentation.macroEnabled.12","application/vnd.ms-powerpoint.slideshow.macroEnabled.12"],"mime_psd":["image/photoshop","image/x-photoshop","image/psd","application/photoshop","application/psd","zz-application/zz-winassoc-psd"],"mime_compress":["application/x-gtar","application/x-gcompress","application/compress","application/x-tar","application/x-rar-compressed","application/octet-stream"]}}}},{"__symbolic":"module","version":1,"metadata":{"FileType":{"__symbolic":"class","statics":{"mime_doc":["application/msword","application/msword","application/vnd.openxmlformats-officedocument.wordprocessingml.document","application/vnd.openxmlformats-officedocument.wordprocessingml.template","application/vnd.ms-word.document.macroEnabled.12","application/vnd.ms-word.template.macroEnabled.12"],"mime_xsl":["application/vnd.ms-excel","application/vnd.ms-excel","application/vnd.ms-excel","application/vnd.openxmlformats-officedocument.spreadsheetml.sheet","application/vnd.openxmlformats-officedocument.spreadsheetml.template","application/vnd.ms-excel.sheet.macroEnabled.12","application/vnd.ms-excel.template.macroEnabled.12","application/vnd.ms-excel.addin.macroEnabled.12","application/vnd.ms-excel.sheet.binary.macroEnabled.12"],"mime_ppt":["application/vnd.ms-powerpoint","application/vnd.ms-powerpoint","application/vnd.ms-powerpoint","application/vnd.ms-powerpoint","application/vnd.openxmlformats-officedocument.presentationml.presentation","application/vnd.openxmlformats-officedocument.presentationml.template","application/vnd.openxmlformats-officedocument.presentationml.slideshow","application/vnd.ms-powerpoint.addin.macroEnabled.12","application/vnd.ms-powerpoint.presentation.macroEnabled.12","application/vnd.ms-powerpoint.presentation.macroEnabled.12","application/vnd.ms-powerpoint.slideshow.macroEnabled.12"],"mime_psd":["image/photoshop","image/x-photoshop","image/psd","application/photoshop","application/psd","zz-application/zz-winassoc-psd"],"mime_compress":["application/x-gtar","application/x-gcompress","application/compress","application/x-tar","application/x-rar-compressed","application/octet-stream"]}}}}]