[{"__symbolic":"module","version":3,"metadata":{"FileLikeObject":{"__symbolic":"class","members":{"__ctor__":[{"__symbolic":"constructor","parameters":[{"__symbolic":"reference","name":"any"}]}],"_createFromFakePath":[{"__symbolic":"method"}],"_createFromObject":[{"__symbolic":"method"}]}}}},{"__symbolic":"module","version":1,"metadata":{"FileLikeObject":{"__symbolic":"class","members":{"__ctor__":[{"__symbolic":"constructor","parameters":[{"__symbolic":"reference","name":"any"}]}],"_createFromFakePath":[{"__symbolic":"method"}],"_createFromObject":[{"__symbolic":"method"}]}}}}]