{"__symbolic":"module","version":4,"metadata":{"ToastContainerDirective":{"__symbolic":"class","decorators":[{"__symbolic":"call","expression":{"__symbolic":"reference","module":"@angular/core","name":"Directive","line":6,"character":1},"arguments":[{"selector":"[toastContainer]","exportAs":"toastContainer"}]}],"members":{"__ctor__":[{"__symbolic":"constructor","parameters":[{"__symbolic":"reference","module":"@angular/core","name":"ElementRef","line":11,"character":26}]}],"getContainerElement":[{"__symbolic":"method"}]}},"ToastContainerModule":{"__symbolic":"class","decorators":[{"__symbolic":"call","expression":{"__symbolic":"reference","module":"@angular/core","name":"NgModule","line":17,"character":1},"arguments":[{"declarations":[{"__symbolic":"reference","name":"ToastContainerDirective"}],"exports":[{"__symbolic":"reference","name":"ToastContainerDirective"}]}]}],"members":{}},"Toast":{"__symbolic":"class","decorators":[{"__symbolic":"call","expression":{"__symbolic":"reference","module":"@angular/core","name":"Component","line":19,"character":1},"arguments":[{"selector":"[toast-component]","template":"\n  <button *ngIf=\"options.closeButton\" (click)=\"remove()\" class=\"toast-close-button\" aria-label=\"Close\">\n    <span aria-hidden=\"true\">&times;</span>\n  </button>\n  <div *ngIf=\"title\" [class]=\"options.titleClass\" [attr.aria-label]=\"title\">\n    {{ title }} <ng-container *ngIf=\"duplicatesCount\">[{{ duplicatesCount + 1 }}]</ng-container>\n  </div>\n  <div *ngIf=\"message && options.enableHtml\" role=\"alertdialog\" aria-live=\"polite\"\n    [class]=\"options.messageClass\" [innerHTML]=\"message\">\n  </div>\n  <div *ngIf=\"message && !options.enableHtml\" role=\"alertdialog\" aria-live=\"polite\"\n    [class]=\"options.messageClass\" [attr.aria-label]=\"message\">\n    {{ message }}\n  </div>\n  <div *ngIf=\"options.progressBar\">\n    <div class=\"toast-progress\" [style.width]=\"width + '%'\"></div>\n  </div>\n  ","animations":[{"__symbolic":"call","expression":{"__symbolic":"reference","module":"@angular/animations","name":"trigger","line":40,"character":4},"arguments":["flyInOut",[{"__symbolic":"call","expression":{"__symbolic":"reference","module":"@angular/animations","name":"state","line":41,"character":6},"arguments":["inactive",{"__symbolic":"call","expression":{"__symbolic":"reference","module":"@angular/animations","name":"style","line":41,"character":24},"arguments":[{"opacity":0}]}]},{"__symbolic":"call","expression":{"__symbolic":"reference","module":"@angular/animations","name":"state","line":42,"character":6},"arguments":["active",{"__symbolic":"call","expression":{"__symbolic":"reference","module":"@angular/animations","name":"style","line":42,"character":22},"arguments":[{"opacity":1}]}]},{"__symbolic":"call","expression":{"__symbolic":"reference","module":"@angular/animations","name":"state","line":43,"character":6},"arguments":["removed",{"__symbolic":"call","expression":{"__symbolic":"reference","module":"@angular/animations","name":"style","line":43,"character":23},"arguments":[{"opacity":0}]}]},{"__symbolic":"call","expression":{"__symbolic":"reference","module":"@angular/animations","name":"transition","line":44,"character":6},"arguments":["inactive => active",{"__symbolic":"call","expression":{"__symbolic":"reference","module":"@angular/animations","name":"animate","line":46,"character":8},"arguments":["{{ easeTime }}ms {{ easing }}"]}]},{"__symbolic":"call","expression":{"__symbolic":"reference","module":"@angular/animations","name":"transition","line":48,"character":6},"arguments":["active => removed",{"__symbolic":"call","expression":{"__symbolic":"reference","module":"@angular/animations","name":"animate","line":50,"character":8},"arguments":["{{ easeTime }}ms {{ easing }}"]}]}]]}],"preserveWhitespaces":false}]}],"members":{"toastClasses":[{"__symbolic":"property","decorators":[{"__symbolic":"call","expression":{"__symbolic":"reference","module":"@angular/core","name":"HostBinding","line":65,"character":3},"arguments":["class"]}]}],"state":[{"__symbolic":"property","decorators":[{"__symbolic":"call","expression":{"__symbolic":"reference","module":"@angular/core","name":"HostBinding","line":67,"character":3},"arguments":["@flyInOut"]}]}],"displayStyle":[{"__symbolic":"property","decorators":[{"__symbolic":"call","expression":{"__symbolic":"reference","module":"@angular/core","name":"HostBinding","line":77,"character":3},"arguments":["style.display"]}]}],"__ctor__":[{"__symbolic":"constructor","parameters":[{"__symbolic":"reference","name":"ToastrService"},{"__symbolic":"reference","name":"ToastPackage"},{"__symbolic":"reference","module":"@angular/core","name":"NgZone","line":96,"character":23}]}],"ngOnDestroy":[{"__symbolic":"method"}],"activateToast":[{"__symbolic":"method"}],"updateProgress":[{"__symbolic":"method"}],"resetTimeout":[{"__symbolic":"method"}],"remove":[{"__symbolic":"method"}],"tapToast":[{"__symbolic":"method","decorators":[{"__symbolic":"call","expression":{"__symbolic":"reference","module":"@angular/core","name":"HostListener","line":188,"character":3},"arguments":["click"]}]}],"stickAround":[{"__symbolic":"method","decorators":[{"__symbolic":"call","expression":{"__symbolic":"reference","module":"@angular/core","name":"HostListener","line":198,"character":3},"arguments":["mouseenter"]}]}],"delayedHideToast":[{"__symbolic":"method","decorators":[{"__symbolic":"call","expression":{"__symbolic":"reference","module":"@angular/core","name":"HostListener","line":211,"character":3},"arguments":["mouseleave"]}]}],"outsideTimeout":[{"__symbolic":"method"}],"outsideInterval":[{"__symbolic":"method"}],"runInsideAngular":[{"__symbolic":"method"}]}},"ActiveToast":{"__symbolic":"interface"},"ToastrService":{"__symbolic":"class","decorators":[{"__symbolic":"call","expression":{"__symbolic":"reference","module":"@angular/core","name":"Injectable","line":37,"character":1},"arguments":[{"providedIn":"root"}]}],"members":{"__ctor__":[{"__symbolic":"constructor","parameterDecorators":[[{"__symbolic":"call","expression":{"__symbolic":"reference","module":"@angular/core","name":"Inject","line":47,"character":5},"arguments":[{"__symbolic":"reference","name":"TOAST_CONFIG"}]}],null,null,null,null],"parameters":[{"__symbolic":"reference","name":"ToastToken"},{"__symbolic":"reference","name":"Overlay"},{"__symbolic":"reference","module":"@angular/core","name":"Injector","line":49,"character":23},{"__symbolic":"reference","module":"@angular/platform-browser","name":"DomSanitizer","line":50,"character":23},{"__symbolic":"reference","module":"@angular/core","name":"NgZone","line":51,"character":20}]}],"show":[{"__symbolic":"method"}],"success":[{"__symbolic":"method"}],"error":[{"__symbolic":"method"}],"info":[{"__symbolic":"method"}],"warning":[{"__symbolic":"method"}],"clear":[{"__symbolic":"method"}],"remove":[{"__symbolic":"method"}],"findDuplicate":[{"__symbolic":"method"}],"applyConfig":[{"__symbolic":"method"}],"_findToast":[{"__symbolic":"method"}],"_preBuildNotification":[{"__symbolic":"method"}],"_buildNotification":[{"__symbolic":"method"}]},"statics":{"ngInjectableDef":{}}},"ProgressAnimationType":{"__symbolic":"interface"},"IndividualConfig":{"__symbolic":"interface"},"ToastrIconClasses":{"__symbolic":"interface"},"GlobalConfig":{"__symbolic":"interface"},"ToastPackage":{"__symbolic":"class","members":{"__ctor__":[{"__symbolic":"constructor","parameters":[{"__symbolic":"reference","name":"number"},{"__symbolic":"reference","name":"any"},{"__symbolic":"reference","name":"string"},{"__symbolic":"reference","name":"string"},{"__symbolic":"reference","name":"string"},{"__symbolic":"reference","name":"ToastRef"}]}],"triggerTap":[{"__symbolic":"method"}],"onTap":[{"__symbolic":"method"}],"triggerAction":[{"__symbolic":"method"}],"onAction":[{"__symbolic":"method"}]}},"GlobalToastrConfig":{"__symbolic":"interface"},"IndividualToastrConfig":{"__symbolic":"interface"},"ToastrConfig":{"__symbolic":"interface"},"DefaultNoComponentGlobalConfig":{"maxOpened":0,"autoDismiss":false,"newestOnTop":true,"preventDuplicates":false,"countDuplicates":false,"resetTimeoutOnDuplicate":false,"iconClasses":{"error":"toast-error","info":"toast-info","success":"toast-success","warning":"toast-warning"},"closeButton":false,"disableTimeOut":false,"timeOut":5000,"extendedTimeOut":1000,"enableHtml":false,"progressBar":false,"toastClass":"ngx-toastr","positionClass":"toast-top-right","titleClass":"toast-title","messageClass":"toast-message","easing":"ease-in","easeTime":300,"tapToDismiss":true,"onActivateTick":false,"progressAnimation":"decreasing"},"ToastToken":{"__symbolic":"interface"},"TOAST_CONFIG":{"__symbolic":"new","expression":{"__symbolic":"reference","module":"@angular/core","name":"InjectionToken","line":232,"character":32},"arguments":["ToastConfig"]},"DefaultGlobalConfig":{"toastComponent":{"__symbolic":"reference","name":"Toast"}},"ToastrModule":{"__symbolic":"class","decorators":[{"__symbolic":"call","expression":{"__symbolic":"reference","module":"@angular/core","name":"NgModule","line":15,"character":1},"arguments":[{"imports":[{"__symbolic":"reference","module":"@angular/common","name":"CommonModule","line":16,"character":12}],"declarations":[{"__symbolic":"reference","name":"Toast"}],"exports":[{"__symbolic":"reference","name":"Toast"}],"entryComponents":[{"__symbolic":"reference","name":"Toast"}]}]}],"members":{},"statics":{"forRoot":{"__symbolic":"function","parameters":["config"],"defaults":[{}],"value":{"ngModule":{"__symbolic":"reference","name":"ToastrModule"},"providers":[{"provide":{"__symbolic":"reference","name":"TOAST_CONFIG"},"useValue":{"default":{"__symbolic":"reference","name":"DefaultGlobalConfig"},"config":{"__symbolic":"reference","name":"config"}}}]}}}},"ToastrComponentlessModule":{"__symbolic":"class","decorators":[{"__symbolic":"call","expression":{"__symbolic":"reference","module":"@angular/core","name":"NgModule","line":38,"character":1},"arguments":[{"imports":[{"__symbolic":"reference","module":"@angular/common","name":"CommonModule","line":39,"character":12}]}]}],"members":{},"statics":{"forRoot":{"__symbolic":"function","parameters":["config"],"defaults":[{}],"value":{"ngModule":{"__symbolic":"reference","name":"ToastrModule"},"providers":[{"provide":{"__symbolic":"reference","name":"TOAST_CONFIG"},"useValue":{"default":{"__symbolic":"reference","name":"DefaultNoComponentGlobalConfig"},"config":{"__symbolic":"reference","name":"config"}}}]}}}},"ToastRef":{"__symbolic":"class","arity":1,"members":{"__ctor__":[{"__symbolic":"constructor","parameters":[{"__symbolic":"reference","name":"OverlayRef"}]}],"manualClose":[{"__symbolic":"method"}],"manualClosed":[{"__symbolic":"method"}],"timeoutReset":[{"__symbolic":"method"}],"countDuplicate":[{"__symbolic":"method"}],"close":[{"__symbolic":"method"}],"afterClosed":[{"__symbolic":"method"}],"isInactive":[{"__symbolic":"method"}],"activate":[{"__symbolic":"method"}],"afterActivate":[{"__symbolic":"method"}],"onDuplicate":[{"__symbolic":"method"}]}},"ToastInjector":{"__symbolic":"class","members":{"__ctor__":[{"__symbolic":"constructor","parameters":[{"__symbolic":"reference","name":"ToastPackage"},{"__symbolic":"reference","module":"@angular/core","name":"Injector","line":93,"character":29}]}],"get":[{"__symbolic":"method"}]}},"ToastNoAnimation":{"__symbolic":"class","decorators":[{"__symbolic":"call","expression":{"__symbolic":"reference","module":"@angular/core","name":"Component","line":23,"character":1},"arguments":[{"selector":"[toast-component]","template":"\n  <button *ngIf=\"options.closeButton\" (click)=\"remove()\" class=\"toast-close-button\" aria-label=\"Close\">\n    <span aria-hidden=\"true\">&times;</span>\n  </button>\n  <div *ngIf=\"title\" [class]=\"options.titleClass\" [attr.aria-label]=\"title\">\n    {{ title }} <ng-container *ngIf=\"duplicatesCount\">[{{ duplicatesCount + 1 }}]</ng-container>\n  </div>\n  <div *ngIf=\"message && options.enableHtml\" role=\"alert\" aria-live=\"polite\"\n    [class]=\"options.messageClass\" [innerHTML]=\"message\">\n  </div>\n  <div *ngIf=\"message && !options.enableHtml\" role=\"alert\" aria-live=\"polite\"\n    [class]=\"options.messageClass\" [attr.aria-label]=\"message\">\n    {{ message }}\n  </div>\n  <div *ngIf=\"options.progressBar\">\n    <div class=\"toast-progress\" [style.width]=\"width + '%'\"></div>\n  </div>\n  "}]}],"members":{"toastClasses":[{"__symbolic":"property","decorators":[{"__symbolic":"call","expression":{"__symbolic":"reference","module":"@angular/core","name":"HostBinding","line":53,"character":3},"arguments":["class"]}]}],"displayStyle":[{"__symbolic":"property","decorators":[{"__symbolic":"call","expression":{"__symbolic":"reference","module":"@angular/core","name":"HostBinding","line":56,"character":3},"arguments":["style.display"]}]}],"__ctor__":[{"__symbolic":"constructor","parameters":[{"__symbolic":"reference","name":"ToastrService"},{"__symbolic":"reference","name":"ToastPackage"},{"__symbolic":"reference","module":"@angular/core","name":"ApplicationRef","line":77,"character":22}]}],"ngOnDestroy":[{"__symbolic":"method"}],"activateToast":[{"__symbolic":"method"}],"updateProgress":[{"__symbolic":"method"}],"resetTimeout":[{"__symbolic":"method"}],"remove":[{"__symbolic":"method"}],"tapToast":[{"__symbolic":"method","decorators":[{"__symbolic":"call","expression":{"__symbolic":"reference","module":"@angular/core","name":"HostListener","line":173,"character":3},"arguments":["click"]}]}],"stickAround":[{"__symbolic":"method","decorators":[{"__symbolic":"call","expression":{"__symbolic":"reference","module":"@angular/core","name":"HostListener","line":183,"character":3},"arguments":["mouseenter"]}]}],"delayedHideToast":[{"__symbolic":"method","decorators":[{"__symbolic":"call","expression":{"__symbolic":"reference","module":"@angular/core","name":"HostListener","line":196,"character":3},"arguments":["mouseleave"]}]}]}},"DefaultNoAnimationsGlobalConfig":{"toastComponent":{"__symbolic":"reference","name":"ToastNoAnimation"}},"ToastNoAnimationModule":{"__symbolic":"class","decorators":[{"__symbolic":"call","expression":{"__symbolic":"reference","module":"@angular/core","name":"NgModule","line":223,"character":1},"arguments":[{"imports":[{"__symbolic":"reference","module":"@angular/common","name":"CommonModule","line":224,"character":12}],"declarations":[{"__symbolic":"reference","name":"ToastNoAnimation"}],"exports":[{"__symbolic":"reference","name":"ToastNoAnimation"}],"entryComponents":[{"__symbolic":"reference","name":"ToastNoAnimation"}]}]}],"members":{},"statics":{"forRoot":{"__symbolic":"function","parameters":["config"],"defaults":[{}],"value":{"ngModule":{"__symbolic":"reference","name":"ToastNoAnimationModule"},"providers":[{"provide":{"__symbolic":"reference","name":"TOAST_CONFIG"},"useValue":{"default":{"__symbolic":"reference","name":"DefaultNoAnimationsGlobalConfig"},"config":{"__symbolic":"reference","name":"config"}}}]}}}},"ComponentType":{"__symbolic":"interface"},"ComponentPortal":{"__symbolic":"class","arity":1,"members":{"__ctor__":[{"__symbolic":"constructor","parameters":[{"__symbolic":"reference","name":"any","arguments":[{"__symbolic":"error","message":"Could not resolve type","line":30,"character":39,"context":{"typeName":"T"},"module":"./portal/portal"}]},{"__symbolic":"reference","module":"@angular/core","name":"Injector","line":30,"character":53}]}],"attach":[{"__symbolic":"method"}],"detach":[{"__symbolic":"method"}],"setAttachedHost":[{"__symbolic":"method"}]}},"BasePortalHost":{"__symbolic":"class","members":{"attach":[{"__symbolic":"method"}],"attachComponentPortal":[{"__symbolic":"method"}],"detach":[{"__symbolic":"method"}],"setDisposeFn":[{"__symbolic":"method"}]}},"Overlay":{"__symbolic":"class","decorators":[{"__symbolic":"call","expression":{"__symbolic":"reference","module":"@angular/core","name":"Injectable","line":21,"character":1},"arguments":[{"providedIn":"root"}]}],"members":{"__ctor__":[{"__symbolic":"constructor","parameterDecorators":[null,null,null,[{"__symbolic":"call","expression":{"__symbolic":"reference","module":"@angular/core","name":"Inject","line":33,"character":5},"arguments":[{"__symbolic":"reference","module":"@angular/common","name":"DOCUMENT","line":33,"character":12}]}]],"parameters":[{"__symbolic":"reference","name":"OverlayContainer"},{"__symbolic":"reference","module":"@angular/core","name":"ComponentFactoryResolver","line":31,"character":39},{"__symbolic":"reference","module":"@angular/core","name":"ApplicationRef","line":32,"character":21},{"__symbolic":"reference","name":"any"}]}],"create":[{"__symbolic":"method"}],"getPaneElement":[{"__symbolic":"method"}],"_createPaneElement":[{"__symbolic":"method"}],"_createPortalHost":[{"__symbolic":"method"}],"_createOverlayRef":[{"__symbolic":"method"}]},"statics":{"ngInjectableDef":{}}},"OverlayContainer":{"__symbolic":"class","decorators":[{"__symbolic":"call","expression":{"__symbolic":"reference","module":"@angular/core","name":"Injectable","line":4,"character":1},"arguments":[{"providedIn":"root"}]}],"members":{"__ctor__":[{"__symbolic":"constructor","parameterDecorators":[[{"__symbolic":"call","expression":{"__symbolic":"reference","module":"@angular/core","name":"Inject","line":8,"character":15},"arguments":[{"__symbolic":"reference","module":"@angular/common","name":"DOCUMENT","line":8,"character":22}]}]],"parameters":[{"__symbolic":"reference","name":"any"}]}],"ngOnDestroy":[{"__symbolic":"method"}],"getContainerElement":[{"__symbolic":"method"}],"_createContainer":[{"__symbolic":"method"}]},"statics":{"ngInjectableDef":{}}},"OverlayRef":{"__symbolic":"class","members":{"__ctor__":[{"__symbolic":"constructor","parameters":[{"__symbolic":"reference","name":"BasePortalHost"}]}],"attach":[{"__symbolic":"method"}],"detach":[{"__symbolic":"method"}]}}},"origins":{"ToastContainerDirective":"./toastr/toast.directive","ToastContainerModule":"./toastr/toast.directive","Toast":"./toastr/toast.component","ActiveToast":"./toastr/toastr.service","ToastrService":"./toastr/toastr.service","ProgressAnimationType":"./toastr/toastr-config","IndividualConfig":"./toastr/toastr-config","ToastrIconClasses":"./toastr/toastr-config","GlobalConfig":"./toastr/toastr-config","ToastPackage":"./toastr/toastr-config","GlobalToastrConfig":"./toastr/toastr-config","IndividualToastrConfig":"./toastr/toastr-config","ToastrConfig":"./toastr/toastr-config","DefaultNoComponentGlobalConfig":"./toastr/toastr-config","ToastToken":"./toastr/toastr-config","TOAST_CONFIG":"./toastr/toastr-config","DefaultGlobalConfig":"./toastr/toastr.module","ToastrModule":"./toastr/toastr.module","ToastrComponentlessModule":"./toastr/toastr.module","ToastRef":"./toastr/toast-injector","ToastInjector":"./toastr/toast-injector","ToastNoAnimation":"./toastr/toast-noanimation.component","DefaultNoAnimationsGlobalConfig":"./toastr/toast-noanimation.component","ToastNoAnimationModule":"./toastr/toast-noanimation.component","ComponentType":"./portal/portal","ComponentPortal":"./portal/portal","BasePortalHost":"./portal/portal","Overlay":"./overlay/overlay","OverlayContainer":"./overlay/overlay-container","OverlayRef":"./overlay/overlay-ref"},"importAs":"ngx-toastr"}