[{"__symbolic":"module","version":3,"metadata":{},"exports":[{"from":"./file-upload/file-select.directive"},{"from":"./file-upload/file-drop.directive"},{"from":"./file-upload/file-uploader.class"},{"from":"./file-upload/file-item.class"},{"from":"./file-upload/file-like-object.class"},{"from":"./file-upload/file-upload.module","export":["FileUploadModule"]}]},{"__symbolic":"module","version":1,"metadata":{},"exports":[{"from":"./file-upload/file-select.directive"},{"from":"./file-upload/file-drop.directive"},{"from":"./file-upload/file-uploader.class"},{"from":"./file-upload/file-item.class"},{"from":"./file-upload/file-like-object.class"},{"from":"./file-upload/file-upload.module","export":["FileUploadModule"]}]}]